user_id,wallet_balance
user_7758,10.888344180977649
user_19632,3773.7583478812985
user_38848,8493.209272567832
user_8,9089.821685448847
user_43694,1773.4423338535373
user_65306,6238.42771778131
user_7368,6770.095620267329
user_3640,7473.388888200896
user_5,7061.5810948084245
user_8112,6088.942495914934
user_48529,6123.479355386687
user_2689,2463.879365363138
user_2109,4213.5038603741405
user_1562,3860.9276161135626
user_9037,1105.0076283870897
user_7609,3240.9170370835436
user_8750,6027.41173113966
user_8586,8482.572204489015
user_22,4707.146769010307
user_132205,2143.1079351726275
user_2,5365.125438666228
user_819448,6381.898184703481
user_65790,4756.8261076514855
user_5372,9917.184364252671
user_1,7994.294068898851
user_2186,9678.11869378014
user_38891,3476.5159904538486
user_3,8536.339472356329
user_35515,4850.183478986498
user_7342,9380.13803635454
user_80562,923.8323878657731
user_76046,1119.0767506025102
user_73,5274.926368050072
user_433501,4736.168221058997
user_53523,3207.6887919310157
user_9876,858.0472515517314
user_7528,8265.656049239751
user_7793,2937.527989556365
user_44,6056.9383931810935
user_4335,4233.157412186915
user_204,2668.292417083021
user_43615,8287.723862677889
user_9,4999.807882062579
user_3881,9596.205016659005
user_20395,9326.855891542937
user_2901,4224.458447851781
user_5555,9437.346288181423
user_43621,5425.5278632849695
user_5348,8957.063562037472
user_54823,999.6967000676611
user_35649,766.3477255802615
user_103,6278.154893809661
user_5264,3470.3408581589456
user_7303,6173.565311359016
user_6,8219.546904710962
user_73685,581.7408727766576
user_7,2140.7074319925982
user_4387,3594.5795145004995
user_6590,5629.6421244888525
user_811,4148.482066034565
user_19656,8600.301998148003
user_505670,8440.350012531482
user_7366,3571.674260599588
user_2234,2343.7107820563906
user_3899,357.0757320865608
user_29615,9220.640222660913
user_3879,5663.348325275196
user_7608,8293.754102020639
user_80629,4403.575749280603
user_8494,107.7763571583221
user_9680,2042.6799053111442
user_347314,3331.987084629916
user_3641,6079.19669625748
user_11223,5155.663220278738
user_65860,7261.316946846896
user_89,8540.505794900104
user_34731,1983.624446611051
user_97960,3433.8196397907886
user_7733,1079.1509712584325
user_67993,2029.4775032083726
user_8119,5874.3582070199645
user_38507,4193.196323252313
user_54238,3602.8225819752615
user_4,603.9001618641936
user_480,5019.191775678488
user_90299,2423.0624562423154
user_52643,323.03077245150513
user_1912,4388.338699161015
user_765,607.8964119648355
user_4826,1078.7760981517554
user_3473,171.35588167013003
user_13205,1888.7132022507735
user_10,3085.7317433206663
user_90373,5789.495369917394
user_43653,6038.393795007831
user_43763,2996.1828644083466
user_7636_9,4797.575118990833
user_7770,8499.226176036327
user_4664,9774.14966137576
user_4562,5525.618467876349
user_48332,1501.553155197071
user_43743,4390.298823068845
user_22097,455.5608965924605
user_209,4203.534188753563
user_9980,500.01007130789867
user_2239,4195.847698690729
user_1268,4739.338310855702
user_1955,628.4907490175591
user_64,7770.386063219114
user_38850,6428.16821499426
user_763,8923.9509974192
user_808381,4165.931079604893
user_34415,1081.8783721035816
user_5435,963.0371076106176
user_4363,4512.799841119631
user_188,6757.664639658299
user_59139,9064.029733359832
user_12675,7153.556767731719
user_3565,9612.271568074932
user_6534,201.42860987774617
user_15,8718.94863089934
user_8952,2886.0672983038744
user_8118,11.588832096664108
user_6581,5706.1731044468725
user_90353,6880.176375456754
user_3943,5026.038636366853
user_006,9895.880896035564
user_760888,7343.36871472435
user_54,9042.367464300407
user_2995,3581.619030670148
user_44556,6491.337531314997
user_4374,4666.184887404984
user_367,2463.2994710951975
user_48374,6157.705026101349
user_19616,5703.102406535716
user_6798,1958.3756324068368
user_1523,3551.8993381743835
user_6527,6060.133667346164
user_483567,845.756503435229
user_1837,723.1763428450829
user_5678,8040.550470676353
user_6070,5643.988991420166
user_110,3568.722175262903
user_65825,4788.853633528326
user_65,1576.3560552413358
user_5493,2063.064671683285
user_55029,2715.2640899548423
user_7779,2811.5241010478217
user_9713,4070.9298343754467
user_3464,3915.119108284894
user_8586_7,6623.887985263815
user_2456,4172.059614896232
user_2039_1,8336.49797732534
user_0006,2453.2770391805925
user_8879,8825.37921314572
user_43997,6144.000356997985
user_9039,207.6145262826426
user_1001,5843.6854996401535
user_008,2580.4058139245667
user_76326,5952.361574879871
user_5797,5077.465747521365
user_1730,7485.247606944524
user_8638,9248.275613534193
user_201,7389.7183708400225
user_4838,7189.478556916452
user_65094,1767.881245545383
user_8065,8825.824348682097
user_3887,5753.150453331821
user_54930,5082.884786789286
user_8180,4504.600261016168
user_6081,2409.939338788942
user_8116,9562.79444959732
user_1993,9380.189854589624
user_7632,7409.924682530159
user_90393,8008.086428615406
user_876,9787.910966262803
user_4684,7163.1426804332095
user_216999,2588.6330394075617
user_679883,694.5107638177867
user_76066,1446.0857425960135
user_104,9784.638249233489
user_36471,4592.778603268241
user_1739,1650.4408237286148
user_7386,9082.003998379974
user_59666,2501.727332768808
user_644,8743.700679038719
user_43306,8977.072669171954
user_6794,6428.20908440151
user_8954,1628.857900791043
user_65225,9998.623462401392
user_2969,9334.568081574424
user_2905,8526.197180537134
user_49503,7797.106802516166
user_005,2547.088210373103
user_234208,3962.5176185730575
user_4399,3152.5480210157866
user_38712,4353.540434554395
user_3452,2874.100681967223
user_60812,5830.272957770349
user_66778,4745.716667486959
user_81,4585.117668874655
user_5474,8365.319698979618
user_3850,4776.51997287525
user_9726,8171.419358842721
user_1963,2413.7693859458914
user_435,2179.5094532765193
user_21598,3273.854201850026
user_0004,5778.282587538026
user_65799,204.88558139803234
user_8247,5840.3984608516475
user_6579,8788.38458708659
user_907,1494.0110970481771
user_61845,4585.562955131358
user_3893,4289.245056408239
user_591,7456.822216384928
user_43,5255.229100585209
user_6584,1966.0244185925242
user_65709,1887.4372429172608
user_543161,2128.9761327195665
user_90413,1844.5857690175521
user_60815,3419.8658925594605
user_29953,5613.508529298031
user_5391,4783.703115307741
user_38714,7813.18676592306
user_35656,4396.222423247653
user_9038,1236.0354106369518
user_43669,6670.831432819791
user_437,8250.131502435914
user_387994,987.3934390209671
user_4330,6239.589304190305
user_210,6342.417717307213
user_550,411.4849960911842
user_65432,2609.2004266056906
user_216,4490.9675387065245
user_7604,9553.806212497093
user_3439,8459.121043989338
user_2183,2158.0723662064374
user_89542,7601.25269112394
user_6565,8582.21440377518
user_979685,9253.64281616409
user_4833,1547.2645243406444
user_97204,124.15828783735559
user_65902,373.5975528542392
user_1478,8816.116983924318
user_8593,8458.115629966927
user_33860,8760.390105327968
user_81180,9664.242980537912
user_368,8784.951496766857
user_8204,4872.058235741432
user_97203,8675.671214187949
user_76,6359.755698759664
user_86387,3401.640473509409
user_4366,5454.403971505126
user_4385,5359.794692743899
user_46647,493.97455651776136
user_2922,8643.8640771429
user_1122,190.59770539892972
user_8140,2455.103622811869
user_34220,8483.899830502462
user_1950,4692.010761039155
user_8209,8813.80123735811
user_65840,6790.161065509618
user_29910,6592.657133017946
user_29971,8347.934196437069
user_1731,8075.9057927193935
user_5790,8124.059517782808
user_540960,2240.250555044801
user_7654,4934.353935741652
user_17349,6684.431735842459
user_5475,7220.334805895411
user_33321,1201.2122445721293
user_6539,6929.461159169662
user_46618,9137.536218278521
user_5799,2414.4431473027553
user_9035,6950.9084886053615
user_806,2120.2183594802354
user_98108,9545.850712922449
user_2991,9134.72245342866
user_5794,9166.729670806559
user_29623,4529.426433733873
user_80,6291.3673085940645
user_4803,6399.095378429496
user_6501,3853.1067127461893
user_6977,7651.005724802304
user_1002,3023.520017196799
user_54005,6134.569921260086
user_4837,1162.273289421366
user_9774,9186.188623004917
user_6755,3859.4744032812687
user_3456,8173.567668856096
user_9012,652.470966337358
user_54641,9660.491253851691
user_6344,3914.453208465764
user_48,2337.8539621557825
user_85863,6945.705805341611
user_2232,1764.5024609564628
user_579,9953.23461480343
user_57912,4045.217873573206
user_51594,4151.693265687577
user_6799,7295.2822084102
user_90308,3464.538792264901
user_979144,6515.354029691452
user_4370,9244.230594026893
user_3569,3565.2354313089545
user_81165,3326.6135740769237
user_36473,5377.163470204388
user_85,494.10670668044645
user_196143,5160.9048961658755
user_38799,2874.486904821601
user_102,5571.7092895374635
user_34645,5631.688467342462
user_2067,5423.761223118231
user_7759,3495.6628215361447
user_46,8969.880755090473
user_53,3560.0372642799052
user_90,3704.5118283313495
user_30402,7971.612295145798
user_65538,7750.219841104496
user_109,4967.9520464677635
user_5558,2638.1337310209924
user_853,4373.224965056219
user_29916,3635.6979876306373
user_858999,4619.084642624737
user_761271,8186.70595154506
user_432924,5863.707414561145
user_3467,1535.263941128615
user_2209,4341.860859370525
user_48689,5531.016907207627
user_387,1512.8385238278777
user_9013,121.65539502627067
user_81533,6496.294803792917
user_5918,598.0808770440221
user_656,2009.588893448738
user_59186,2260.1321692127613
user_3661,4077.053708395271
user_216447,3114.833733677543
user_01,6544.927184697534
user_4496,2300.153417996746
user_001,7605.524542813658
user_35,8538.137625832593
user_5871,1753.6023288085134
user_1239,5919.092424954549
user_763290,2624.4787196644074
user_1866,8446.681816926572
user_46648,9625.733218694373
user_73449,537.5727835310611
user_19356,7998.936040218337
user_9628,2355.923031332845
user_52613,1519.9272133773216
user_67890,4910.134852669459
user_6506,3239.1418991982923
user_76098,6262.301127418001
user_4954,8867.02832088808
user_8119_6,7621.797530041375
user_2182,9789.632188939135
user_603889,522.0806476337194
user_901,4733.9002431224035
user_36625,990.5857924609493
user_43354,734.3634257232397
user_9683,415.702759532708
user_42106,424.3381509981347
user_436,642.7661483328924
user_55060,840.4877127559804
user_90278,7928.723866217529
user_54321,5317.665395063695
user_73663,8188.224198915885
user_8562,6717.611279467214
user_93026,4385.549542199044
user_3630,4102.5387282274305
user_81387,4849.550083428821
user_299,4765.380401654733
user_10206,3876.803268108461
user_9837,7482.135272467612
user_3871,4173.168809983599
user_3515,2762.805248055252
user_67980,3740.590853851624
user_66,9460.497000598427
user_864819,8923.185927960729
user_6789,1745.1151030320095
user_9029,7502.876448083414
user_7344,1490.1418821827529
user_53488,9445.571790785487
user_57,7173.791248734725
user_97063,8367.516722794877
user_97712,8453.345102361427
user_5966,2460.3343344913083
user_76543,6127.153066210641
user_81190,5371.360408297935
user_67990,1531.193948442556
user_3838,873.2950048753653
user_36306,2197.0889541091533
user_1234,6945.25226522126
user_1753,384.07073276056
user_4398,8294.550311787696
user_8336,473.3579917826308
user_88712,233.22982554282115
user_48372,8421.120360976678
user_93082,9755.746505264879
user_38791,3769.4099756792452
user_9117,1210.2790720523976
user_8917,3254.826852833315
user_5400,5373.805343655386
user_2864,2325.0165269602244
user_5409,7521.396394727442
user_4369,3886.5106599264473
user_366530,6758.78541929685
user_5432,801.6822855690579
user_2001,4971.363257685476
user_890,2121.9736117076245
user_356,3987.802372586911
user_1328,852.9631973061136
user_009,3621.048325844781
user_16155,3926.4117235001318
user_19918,8072.873988457039
user_84218,4202.27048672329
user_9115,7655.742455219652
user_760,5960.89759116785
user_438,5040.549434745289
user_599,4926.036475160178
user_5566,3115.1323528339262
user_5480,9662.876428669497
user_13038,6763.397126283218
user_986296,1456.6286271868823
user_227656,4012.925279833709
user_54173,112.073110209197
user_54316,6838.7013826862785
user_4376,1467.3135012716061
user_1179,9364.04226246723
user_77654,1647.2885598772511
user_11679,700.1088400409047
user_5717,2406.204509379614
user_4319,4533.534428314499
user_8497,8077.041328409764
user_85869,9062.585406313558
user_15233,9607.998451360712
user_76043,2520.785129241321
user_652251,7902.666323799494
user_76092,7733.401994710099
user_215689,5665.005757528942
user_81109,9509.08354792005
user_5419,3631.2942238972455
user_35706,8071.758632640738
user_73661,2032.8051012024018
user_3332,4826.030199060071
user_3527,8453.842145845443
user_57989,3420.3043065420998
user_200,6106.805475281033
user_70473,9361.61152160894
user_002,9331.757896374038
user_999,1933.6711482716287
user_81146,2013.4723202438956
user_5347,4011.153939490007
user_65270,805.5886355489819
user_88358,2046.2193313118105
user_2069,8242.503931790698
user_21868,9763.058759727395
user_19853,3229.621390374129
user_2345,4322.4590050099705
user_43355,7147.461701277728
user_130,8439.755440510344
user_8918,1371.5684806556603
user_76135,5025.750666208053
user_3665,1527.2420636526185
user_813295,7640.133745296467
user_1802,5804.195373622098
user_29918,3884.4037040294465
user_67909,1564.1787857846818
user_4875,6112.612378265322
user_598774,3647.899457556642
user_9788,477.0641778309744
user_403487,1656.4939749925977
user_007,3894.5810103889935
user_36618,2917.6007317304948
user_811907,6162.0881011170995
user_85351,8682.522877955977
user_156,5846.555343161362
user_6528,1093.203227139986
user_99887,7605.0398500971605
user_22394,4096.712965371791
user_2134,3125.1413319287335
user_540051,9617.897401570188
user_389360,4267.677648311329
user_43990,6183.704611413023
user_8502,8000.045485071781
user_85860,936.7237605452922
user_81803,2553.1983462764415
user_2181,3443.183443110272
user_74591,9816.64998435113
user_50170,736.9935558346434
user_38,4317.13794433563
user_3564,6592.810890250654
user_311,6109.144565917409
user_4365,1202.2421359671323
user_357,5341.356282153785
user_23,1895.4669236067768
user_7636,3701.8563253411194
user_6796,7542.5858067231175
user_48074,7114.549825066856
user_81432,9134.83016701892
user_97200,4963.071519610999
user_12260,276.00218451585187
user_6550,6294.983357305509
user_41908,429.5787098924539
user_9796,307.7083899174242
user_741,5073.606717151611
user_43513,9967.609613808207
user_35741,9418.27619258735
user_8117,4244.93108974484
user_83307,9753.539508035661
user_3889,8290.897161043007
user_385,4296.796082734725
user_71597,5525.934892408657
user_42,7424.239233344233
user_191942,3107.166444555165
user_19655,8143.7664878503465
user_36384,7480.299173686091
user_7606,9767.354204604282
user_36437,7341.244291926409
user_17300,1612.5350005755133
user_95535,7427.148769593043
user_354291,226.00968197492068
user_97967,705.4926452394241
user_4951,3491.330946609013
user_84976,230.2196882191934
user_6508,8206.790976767616
user_777,1272.3670579622
user_108,7961.877803881879
user_655,2918.73050378503
user_1186_8,4280.12856966118
user_57390,1842.3862538376068
user_19131,5352.852051918026
user_5739,71.19601505391657
user_3884,7207.33380945198
user_678,1274.9138436095598
user_2276,6036.404385642117
user_34305,4877.79490348493
user_7625,1072.7439385373302
user_657908,9872.95999180689
user_17390,5357.866304273409
user_8153,8159.3972630013295
user_57945,827.3168814089192
user_3619,4507.7841333769165
user_101,7208.752046630935
user_4947,5186.085979212827
user_2962,9394.000145751472
user_9682,1103.7175882548595
user_526437,6645.8365013295415
user_42103,4586.542516135448
user_1991,5054.288330591628
user_48550,5571.820641077034
user_43657,6150.253744383316
user_65064,9092.269416861505
user_6753,7274.6767946377795
user_48123,2869.412356582523
user_9731,9776.459534446862
user_3874,7439.823042453261
user_881729,5719.372741087295
user_4808_2,1841.0297993347144
user_88,3966.188427979446
user_858,1725.197940271871
user_107,5365.850243067791
user_9706,8847.446800734811
user_13076,4887.513616903655
user_849,1066.0470612196834
user_5417,6697.780356043187
user_34327,8466.05794202675
user_43350,9520.793364668796
user_81944,2648.115388467875
user_745,409.8581037616227
user_21568,8278.839672256403
user_811634,5527.378725714249
user_43292,2636.0957914161945
user_1010,4804.174386370682
user_1736,7350.920152526299
user_8992,7330.261191315048
user_469,7634.680964588172
user_421,9359.372313461228
user_8984,7268.254577969183
user_899203,2856.7210476194787
user_89363,7804.955568073386
user_65737,7300.779228979392
user_116790,4232.174218537968
user_5500,9080.139003904216
user_2233,5591.068830340724
user_4351,1282.8181421082306
user_97880,6127.927628465798
user_9900,5137.126837357925
user_3616,6713.146060120463
user_433,6544.217189088512
user_12716,6039.416340744273
user_173004,1666.5940929181716
user_3879_5,344.75542543698083
user_80650,5967.333791176459
user_77353,1207.7629147963776
user_4958,4716.123882454025
user_439,9823.802235053548
user_811904,8768.202938179873
user_978007,5657.930357092179
user_483,4417.286288520685
user_4371,6458.50320823064
user_863,3126.418216073234
user_9748,7589.045481842323
user_601,7998.813154965977
user_182142,608.8139713417952
user_8874,539.4160660071107
user_2967,5137.027962779407
user_4210,3678.1412339048534
user_573932,1134.5815883057376
user_17392,4264.24352118838
user_29680,1018.063151088993
user_43196,5072.931531475163
user_5431,1947.7950853590746
user_3589,3371.307085816661
user_35111,8639.37779871777
user_1834,7334.618903711031
user_4364,2927.434124236865
user_5914,4737.038428361211
user_76045,5219.281207990066
user_29051,5504.323248192741
user_548,1642.4838734580364
user_8912,9632.018258515734
user_7734,6762.572710013698
user_3875,3986.1904872549662
user_773359,7990.067762401805
user_1215,5761.528716058926
user_89182,6157.7095877623815
user_010,8594.426637651755
user_73641,9951.648650135892
user_646,9672.20742911658
user_5909,2052.9325866644967
user_5473,3314.7800034345546
user_814030,5546.4335018346055
user_205,1784.9623566349126
user_90310,8093.197490558627
user_1752,8627.414338280474
user_343997,4475.70598050904
user_6089,3917.9198289580413
user_7382,8385.691212582606
user_66878,8730.676896772486
user_0005,3435.3432638300055
user_97577,1106.7554501289324
user_88713,4762.705904291359
user_65578,3510.9708426888687
user_18,1831.3327563994894
user_4361,3566.370108565634
user_4490,6578.822143844415
user_438781,8330.006164849667
user_49547,2941.6172406011415
user_7633,5980.9229926030075
user_7890,1152.8652702049758
user_7773,6260.044335101184
user_05,5226.166969364331
user_8192,7114.399276013465
user_77,9950.367680911175
user_54807,1534.9149278517273
user_8123,3437.898354374487
user_57917,7892.460188551575
user_3344,5369.17982047625
user_29013,2537.317233682592
user_48265,7346.048407910359
user_9758,8449.563562983609
user_4321,4520.446578683852
user_4917,669.7566958720682
user_760920,6277.4740416878
user_290,7281.608108548563
user_902,6237.0013963138235
user_21740,9722.538517881556
user_95934,2069.751990314032
user_2961,2032.291715753969
user_81105,4544.954567388174
user_5250,1470.2854199912867
user_1454,245.75313230963962
user_815330,7278.968444289365
user_82479,836.9669435102827
user_3609,9275.295429916901
user_173,3373.082639063369
user_9050,2627.1626408428983
user_54805,409.3632927324543
user_43013,628.1241410390616
user_54452,1157.7238228863137
user_90297,2272.1111949760384
user_2222,5365.004391158364
user_90382,7707.549206571387
user_81997,4276.843212916661
user_76097,6637.557802879176
user_53424,7310.2125664081195
user_366120,4096.013612966268
user_3659,7931.043086396942
user_81198,6439.307412385269
user_4291,4704.03412924843
user_2508,1159.7656159926034
user_29699,4800.074657441713
user_182,2334.544876136173
user_88754,3657.6056054237342
user_3043,5330.912207368336
user_35345,2653.77390101241
user_4390,7593.645210680102
user_1966,1300.3344285740998
user_4734,5384.863176942819
user_9593,4395.791263706307
user_1322,1452.856032844098
user_48744,4718.212096182921
user_135,8565.333480910747
user_5983,9890.472110824636
user_0009,5760.91636114659
user_9862,2057.007618664403
user_207,3071.6181308963914
user_389332,1051.4034395324006
user_340809,8501.346052970497
user_8870,7078.143872463253
user_5464,8711.026285339474
user_17,5949.569899246191
user_59158,770.1349548941475
user_4894,884.3195159138386
user_14389,803.345872274819
user_54093,3102.028118623825
user_4794,6917.801733644653
user_437433,1613.0038027042458
user_387910,5362.644638619811
user_20696,3681.6788119891467
user_19,2279.3442440228428
user_85868,4604.762297648934
user_6562,7503.884937726689
user_87654,2265.5771143402058
user_7765,3138.0520379782183
user_6946,1054.3242514320682
user_7777,7634.476157826548
user_4857,6480.595559595981
user_8963,166.71403108012413
user_227,8502.756293812714
user_8902,5815.117594156775
user_0007,1016.5547675800804
user_43875,2368.5183759989336
user_97217,6456.828353240795
user_9741,8015.978368077677
user_215910,5089.093047100593
user_22396,9796.245639510455
user_3430,4046.3782317478654
user_64436,3711.836063224108
user_22785,2034.4833313891138
user_811776,1558.4938537836545
user_364166,3191.5281622453354
user_43905,9365.159852831366
user_59141,14.117464185640415
user_6521,6894.500351802776
user_65901,5373.50206754981
user_59183,9922.531158036825
user_29671,5678.994253030484
user_707,6978.311693388129
user_48557,3188.1985600385383
user_652701,7489.381752190048
user_97904,4590.7504315251235
user_581335,6329.781358022782
user_4215,2733.128847211796
user_54190,9161.690318888484
user_6792,6853.468155080491
user_54714,7360.780002098438
user_4953,5300.904871903883
user_439977,8581.637456952572
user_9052,644.3064445627743
user_48356,5829.080881274053
user_658117,2853.1178003921314
user_7340,2570.79489705583
user_8765,2808.476948987892
user_65045,5725.404978159694
user_972,6331.269518768531
user_82079,383.27001818170146
user_59187,6472.803014753795
user_1863,4667.104957602603
user_19662,835.6809690691624
user_6012,3108.6649807583944
user_439976,5705.11976533721
user_3570,2698.7432795595328
user_43709,6351.146431791793
user_9836,484.3950209435327
user_48386,2559.4258892008775
user_38792,8365.408839266824
user_7788,2260.4810955439375
user_679805,4662.874354903311
user_3980,5309.395092730182
user_48733,4344.295505090132
user_21590,1223.1026724864876
user_359336,9895.189404585748
user_77665,872.4260885542377
user_543160,2748.2968569528957
user_9015,4569.270628984472
user_82643,8641.277371765022
user_4329,3965.1632910855374
user_21,5051.104814771961
user_65814,8062.063897589436
user_18664,7329.665541041703
user_54366,7367.75581709879
user_112,8526.074007364261
user_608151,8080.7148430928355
user_9076,4894.622300282919
user_35574,8246.525009369556
user_345758,5913.095273657177
user_33445,2502.982119727962
user_65239,9109.641847737954
user_21867,6045.988649916042
user_54394,9627.113973902588
user_53023,4898.295890841908
user_49544,7726.098713579304
user_303,7428.457531506368
user_6504,8723.745827974755
user_32145,7985.844588383515
user_38947,6972.234845850716
user_4682,9132.053247357164
user_84534,7444.673976941927
user_6455,2030.948708637389
user_8367,1827.4817817311655
user_7635,5556.844383480941
user_36498,633.3345008209648
user_003,3899.452512220356
user_48574,3941.8697823598677
user_65756,3529.4323692523963
user_9019,8908.709953173091
user_2930,8539.18489252383
user_1237,3595.8115266498485
user_22340,8222.951313487038
user_43015,9127.788968636118
user_903,8056.819058026724
user_29676,936.1978306580377
user_36612,9895.82149106252
user_81923,982.8242772609412
user_4498,3941.2442113036764
user_48753,8377.732457399443
user_89921,4704.079761868715
user_487,83.84047708784527
user_86411,3626.0183593354996
user_351493,195.28833357431895
user_4355,3077.8073298131435
user_811652,8778.222275811295
user_29,1010.4739765060887
user_1564,6653.678808021909
user_81191,5694.110016404626
user_17367,1427.3711892659583
user_97210,3892.686438987154
user_3469,4013.4648299945147
user_43666,5126.891905025066
user_90398,3018.019489475117
user_433543,4282.121122885069
user_6574,3046.1755448634503
user_6451,4466.401617934643
user_8451,786.6655150352681
user_4855,4039.997400126558
user_3333,475.60389429431734
user_81163,2925.1383993352756
user_1935,3657.519850657794
user_3593,2642.0760293926674
user_6445,4008.5825311359235
user_81197,7876.899888945253
user_17116,5997.446427611338
user_19934,1530.690859742985
user_4469,4836.27682045681
user_594,4776.107946227377
user_534,5343.120018755611
user_720,8728.814265084915
user_4800,6156.75258163064
user_60814,4106.3955123803435
user_4874,4782.781464405307
user_3655,7406.867162677801
user_432,3331.1704329103563
user_5483,9923.446041296349
user_6591,8897.387794966715
user_67,7219.452660389501
user_405,2792.15334602254
user_6575,7142.637967446279
user_333,6654.622411431927
user_902787,948.9283068332727
user_49526,3561.3863970691013
user_152335,5797.221886581815
user_4701,5474.566682336817
user_5340,3135.8701739068856
user_10298,2257.915696153315
user_8453,360.921863379311
user_90123,12.92967891981478
user_4952,5499.706851284127
user_65846,3607.817779346967
user_90159,5673.675766654569
user_8903,7805.559541340543
user_5507,8389.372370113668
user_53472,4950.1296821483265
user_203,7505.883143839965
user_84,892.0546335894162
user_659021,6662.360490471768
user_99,9765.940393209368
user_0002,7636.908594110418
user_657904,9694.071631626957
user_97,4490.221730705402
user_5918_4,6855.38111457197
user_6850,8719.689600844746
user_3070,3577.5250722025357
user_811059,3803.1159657523644
user_57176,7922.909619451799
user_9760,273.77462582973703
user_50275,75.49091298140586
user_65792,4658.832162990988
user_1457,732.9776470231005
user_85864,7538.221621357964
user_70150,9898.386269599852
user_57018,7823.386571968407
user_8457,5669.849235035798
user_6948,4469.798249209403
user_8835,9914.076491547867
user_856236,9308.769905579935
user_436577,8184.553224947643
user_96837,9308.656131045629
user_50,2879.6686154167205
user_813292,69.70132368814215
user_9752,8437.55337342323
user_48956,8307.72699572491
user_29598,1090.9202744328009
user_35123,7125.839078722632
user_543,5560.885813216122
user_7214,1329.375981258614
user_65063,1244.616359608892
user_30453,7986.6116135872535
user_4455,3803.3556501326952
user_81523,3411.873057047658
user_1250,1507.8715781572987
user_6446,3881.31339344762
user_12638,7311.007844813401
user_76356,981.5707103765623
user_546452,4831.763441045485
user_21098,9971.846212789802
user_9722,3786.690946177004
user_2966,4222.857529523338
user_8113,7385.220530858518
user_375628,8890.566274705465
user_21151,6761.340215200148
user_9817,8008.787468220918
user_3681,1630.0136673417903
user_41933,2283.972518062475
user_80658,4069.2866207480497
user_1297,726.3559947986431
user_5349,468.4554510644646
user_436154,1054.550169819865
user_84488,8381.8161903405
user_38718,9342.93239666353
user_81926,6680.622715520944
user_5469,4737.844796608739
user_35640,7916.437158994382
user_106,226.8691764463353
user_4876,7920.23434709315
user_54992,6205.949459893985
user_89539,362.0760334727347
user_55,7736.253056364399
user_4368,4232.541929136631
user_8820,961.5512316004075
user_88990,8050.801495560329
user_120,7502.288752640748
user_1740,5187.905306632955
user_435099,3169.297298156238
user_5471,9320.2349703605
user_848,1035.5346664978442
user_5482,1249.875862384827
user_8194,5595.594790356041
user_65080,6236.643386901199
user_35599,4438.682494471825
user_36222,5891.930887705957
user_90355,1388.6859053925991
user_76211,8228.377793716289
user_485,7849.347346426854
user_54199,8914.174591849902
user_43981,9756.089173347496
user_22384,3860.3227371398275
user_41926,7237.508222427384
user_60,980.3910864214516
user_22091,2283.6902357061913
user_48573,250.11826401299646
user_299691,6077.947572404365
user_29649,4072.074852462912
user_13220,9496.361071897132
user_6500,2579.1940295795625
user_6480,9597.264181716439
user_90367,7089.256355042057
user_987,8.399089027645978
user_93,827.2837042658522
user_3878,1342.8679265372011
user_4846,7270.860004589041
user_132,8891.09329439118
user_95333,1335.7381911332216
user_483324,2930.79522155077
user_9789,9011.42857177765
user_6790,3453.965299342927
user_4518,9079.263796923851
user_0008,47.785380708327516
user_1938,2622.6600393640106
user_903930,9205.817900040936
user_345710,5972.587942850081
user_659020,8478.967219503695
user_1320,9217.052271492052
user_2039,380.04599478669445
user_1000,3496.165213074296
user_466,3549.1598088381124
user_43301,3730.243603982838
user_97255,9048.086249521708
user_45678,9090.973320995616
user_352771,9711.283612601572
user_73440,2861.8232784016627
user_77017,6549.057203731294
user_81329,3795.9863283854274
user_0001,5347.330119642331
user_2202,7936.737185780843
user_6021,8278.823157097966
user_0003,7947.026530964479
user_4040,7454.0700859655535
user_8481,2711.184393910799
user_9831,157.34102113123132
user_3457,8854.720859408
user_58137,3386.5029827450558
user_35936,3186.8451945656125
user_35653,2533.2651564980515
user_811905,2692.2252133146
user_321,3185.8743727553806
user_004,2316.272301206076
user_5393,19.263616804528933
user_659,4194.450421625101
user_43516,4895.125254787822
user_1919,6479.786584384193
user_9574,3545.5472440729873
user_8641,613.6226816629915
user_34626,7708.115112698949
user_73669,910.1144489649463
user_4350,4673.33959076321
user_3526,7719.505019416877
user_38743,9517.547909971105
user_8139,114.20713881103946
user_433890,3357.5739589667887
user_38954,753.1522272433209
user_48261,1779.6077346026593
user_21526,656.9726670897383
user_736465,5451.572528252924
user_21932,7781.438872983265
user_111,9357.501265770452
user_763660,3290.370402684141
user_17912,8970.981249717217
user_2957,2400.8713518035665
user_57753,3875.7045020496184
user_1887,2053.0448064335073
user_1303,3357.94217815689
user_7043,8336.839852983998
user_547,772.0798419304797
user_5404,7699.3159640855165
user_56,5069.620058270003
user_29015,4487.388455290389
user_38793,8772.79835459253
user_6454,3034.983304259851
user_77334,7008.5196186183575
user_3649,864.3702522852603
user_4812,6266.905128277487
user_4802,6570.685828776386
user_2984,1718.137038554222
user_22765,6249.4246443312
user_579450,564.4365929971412
user_97968,2864.7036017669225
user_4896,9364.41219685429
user_484,3669.259122891136
user_4360,8614.581060544057
user_48559,1592.1448703726746
user_5439,3971.356188616073
user_8496,6972.507607409989
user_35399,9455.513424346145
user_1003,4228.707497606459
user_89926,5605.6267697625435
user_85934,7861.535380629812
user_555,8234.681006904482
user_35742,4809.578386943769
user_364,9421.329535058992
user_3155,8839.561193427908
user_3557,4110.351867378622
user_439975,3969.043680860537
user_8196,3724.9009488756606
user_222,7610.344838522296
user_845347,6591.2539573395825
user_77889,7809.722391891504
user_652870,8386.717719749646
user_4085,2230.671646507605
user_9210,4239.020748110271
user_3638,48.53900522078572
user_38991,9832.122733410999
user_7393,7756.777192078132
user_8973,627.5325181921867
user_8220,1761.448447227954
user_97116,7447.543336385569
user_8908,7810.051536184741
user_7721,2044.8835428066416
user_650085,339.4334997461505
user_905098,5578.884134543129
user_1416,3716.7699974101192
user_2170,9880.736033566742
user_105,7614.991268009844
user_5390,8790.006811952431
user_43640,6137.26479097196
user_6570,9571.435025071218
user_81534,4014.13805712556
user_29952,3994.4763407367195
user_77793,2506.81811999045
user_9572,756.2269931855359
user_33,8183.951398884149
user_60707,2150.7680189381385
user_8110,8927.395610277357
user_12684,1985.8696769988917
user_82458,8945.4997612802
user_208,826.6229538872166
user_19001,5135.614055287482
user_54002,4741.980326523062
user_290566,9359.26980889972
user_387405,5710.622406373782
user_34734,7148.51793241398
user_1006,4466.780842091622
user_404,3897.1702055572596
user_123,1679.5668784691518
user_1223,7064.952280035926
user_919,638.2795138491864
user_3962,7878.7745872433425
user_54826,3522.465393566038
user_35133,6949.934618640611
user_18804,2550.2179079155835
user_22334,488.66250440305924
user_437637,7383.208461221538
user_940864,7726.068011604201
user_33966,2835.2528192291525
user_202,4712.456135428669
user_9988,63.55621098334208
user_65082,2921.292470848415
user_6571,4560.790649038575
user_80509,3016.00940160617
user_2238,6977.654196327589
user_55667,7085.043676721099
user_483320,4071.459339800001
user_3562,383.79197026805093
user_97980,5262.497003494608
user_89920,7487.687594096332
user_130327,8337.691761551525
user_6942,9241.654891512166
user_54458,8250.637661445016
user_97510,7680.430630496616
user_1259,5381.038767439685
user_344199,1385.3391123594
user_21703,8613.990847006626
user_65272,3940.345746297031
user_53930,2024.4345284628246
user_1004,5351.215732427676
user_8067,2802.1025356813266
user_43729,7129.155611637566
user_81186,1715.4614215579918
user_2156,7498.844675451054
user_60978,2911.959216948568
user_7018,9576.871291901749
user_48375,5437.927637169781
user_13221,4915.513614221304
user_64930,2544.8320215436174
user_259461,2490.2981568378573
user_654,3399.2750450843387
user_46617,2450.995653783933
user_4030,640.9958741392956
user_1939,7028.06282998626
user_54751,1864.9291201017197
user_29959,8128.292805919379
user_53457,5219.386372859715
user_12,9765.998187312043
user_9729,4405.577353353643
user_90132,6507.375771164703
user_6553,4934.652255765306
user_858604,3285.5610359353277
user_17513,4286.086012205987
user_502787,354.3188196980808
user_38798,9110.385212727091
user_48037,2437.4836277603586
user_6556,6041.278987807692
user_3697,7840.058061308183
user_3523,5196.646877279311
user_2959,5569.044756419808
user_08,7175.696994099076
user_296,6766.233857266815
user_43685,1002.9790470366976
user_903337,3236.2034196685977
user_19690,2368.904442554675
user_54092,2461.553513766972
user_9720,2300.862555717918
user_64483,4932.831375529737
user_4357,9614.791004967921
user_73660,9191.06663282595
user_57948,9004.3843947711
user_48777,2839.0853093642427
user_00112,6722.606481773028
user_4818,7898.809072622391
user_19985,5844.205139038156
user_541793,655.7749746177606
user_4661,5102.230684772342
user_29683,6985.97366481726
user_9123,3739.4406843338825
user_65576,3736.7109637492767
user_6424,2724.0327291353105
user_19694,3193.8566208793177
user_5913,2747.755802774694
user_2965,6954.775543515725
user_0010,3929.17382076119
user_4032,6025.6013352988375
user_3577,7855.328066673812
user_6578,1254.3290012901125
user_591465,59.76628664500969
user_4307,162.44943245391906
user_65561,9001.864506217225
user_99793,8551.544408676997
user_3696,9028.461136881495
user_57913,2413.6097764027386
user_8245,7004.056996429399
user_5099,4954.86290555156
user_34360,8685.373711509657
user_1603,9117.052354818885
user_38797,5114.956300699044
user_48039,6109.788397788929
user_36427,1997.550968222328
user_17316,3940.884720453889
user_36034,1864.9023343253866
user_49,5300.590851913405
user_6851,579.2095543043267
user_90457,3047.1393708306628
user_9757,3777.930297568995
user_9031,8246.048300051118
user_763215,1.0415497500404922
user_3030,9159.020676993923
user_383,1453.4188957828972
user_3828,3199.095827318231
user_93035,7710.703729577006
user_6443,9876.083637361931
user_76324,5075.454909865913
user_808,6007.372491432523
user_6543,6945.764938964442
user_658406,6786.394087400539
user_437435,5222.401331004835
user_591873,634.3778281048357
user_560877,5645.979299911463
user_387192,2387.95375882472
user_534887,367.4254372407268
user_4219,2180.3654163732817
user_760924,6649.219332608468
user_912,3560.2429318164227
user_85955,9620.641634939384
user_36411,7214.310728381703
user_43555,8882.446716127442
user_90240,517.2491359469695
user_18809,6613.677467737115
user_347317,6857.1150437068045
user_4004,378.32554270669254
user_16089,1806.6858478783156
user_19857,1988.0290988436773
user_1890,4735.03144914209
user_3010,2034.9326696659587
user_14569,1973.5389755865897
user_43769,7316.644702368478
user_1985,8554.820378421706
user_15217,9780.551510753055
user_1820,2490.3073128668884
user_23460,1704.8373243334265
user_43973,914.2927662085453
user_44962,5620.824535756338
user_36058,363.0605341489557
user_81169,5884.170740026373
user_3432,7044.837480663092
user_10522,23.813132249300903
user_5157,6213.156518258827
user_43681,4711.5840854937105
user_5342,8220.148531811032
user_1800,3165.5069240085636
user_1715,9999.441027965562
user_5737,7746.150958074925
user_385966,7038.8796089073985
user_6530,190.1495789394982
user_3643,2540.7733305229317
user_3675,1389.2050030994674
user_81907,9461.498459079525
user_4486,2908.4344229720737
user_35158,7886.36919473116
user_67964,1118.419485247637
user_95738,8646.572986644764
user_17537,4115.944066969938
user_9778,4925.821800076972
user_1111,9955.097114538154
user_2992,7382.402290753241
user_8382,6392.995262034661
user_818,2127.811085004557
user_90729,1332.1568383712622
user_819,2407.5703592211307
user_541,4732.911885174192
user_1226,2202.8516917559155
user_58702,6688.454918625929
user_48474,6435.607511409468
user_4316,6744.166473146403
user_4039,248.7399511708158
user_43501,267.48310057886727
user_43232,642.9161791181307
user_4281,8904.701120109545
user_65042,8259.284704877506
user_36127,7306.205613335747
user_48268,2817.525925047564
user_35591,1889.4248014899931
user_47343,1911.295299726659
user_34694,9604.2417508298
user_73682,3562.6704393474974
user_48083,8154.408288108699
user_64640,2325.682753377436
user_76317,3130.6019256227833
user_657997,5061.04410481328
user_1170,159.4687265844475
user_608155,1155.559390621258
user_813083,1684.8009274705914
user_389270,6896.275442955247
user_351173,9528.932462565805
user_376483,4499.15510323016
user_814731,6403.822548085628
user_173041,1510.4218087634708
user_439972,7879.229290673835
user_540026,3472.5722947787444
user_65121,491.05328974133954
user_8930,2241.7600903096736
user_43231,9966.054338882916
user_4354,6651.136214732502
user_38794,5869.775556808076
user_98369,2080.7705116535994
user_77855,7839.9451582436295
user_21937,404.73018827998726
user_3009,3597.131318128954
user_7772,9960.187359881818
user_290150,5680.453998391248
user_180,7271.161868417458
user_51356,9537.950585835082
user_5601,8639.629440075054
user_6090,7190.314010671445
user_9024,3669.8782157033716
user_23307,818.9948095608339
user_90389,8377.030344747089
user_65712,1060.0130515290934
user_19876,7854.240123866206
user_34567,9995.243718344846
user_7052,6459.139714888574
user_9780,9133.049055716046
user_8362,1987.008408947326
user_6524,4046.3016647555983
user_8690,9777.402787402985
user_439971,9278.11183568369
user_29606,5604.861705984401
user_35645,7594.149244389342
user_8163,1498.0538484783367
user_1008,4085.7176321757743
user_17804,208.82663251450938
user_7666,5904.634343287458
user_29686,5837.849875369061
user_76366,6788.216546768358
user_8643,2287.4446956167435
user_218683,5222.7795948241
user_5344,4490.528577875099
user_21698,8462.69217515099
user_6541,9939.059876606261
user_8595,3964.0833220880236
user_2968,5884.852079427331
user_8132,9997.86113910415
user_1456,5178.65255122755
user_9027,2425.0647827954303
user_1773,7617.689196630043
user_1783,9781.26396338539
user_1811,775.027861237567
user_5818,798.2764935967537
user_3662,5595.43497802983
user_8373,1267.5763188495312
user_8911,2438.8036090444225
user_7749,6314.612641895666
user_5023,9701.412853304388
user_38367,495.6557027616075
user_14,130.77317004892552
user_13,9896.539089936236
user_30,438.4307725577209
user_2098,8143.348780359462
user_34629,4593.129521115713
user_46894,9457.848014400408
user_64639,5028.904484940039
user_12704,5337.795916698693
user_39434,5193.272018673916
user_48260,7114.877348339972
user_87550,9504.037252880145
user_89647,3409.523189858001
user_40854,336.6628532733618
user_29672,3985.9478496720544
user_31500,5718.451254384647
user_90387,8032.615483324402
user_83020,7405.387609422672
user_73446,5343.4882873448205
user_90198,5499.248513769232
user_46849,4769.56297371213
user_38711,5458.016459940004
user_1007,5505.3107257510355
user_76332,8676.770127291602
user_84225,499.6461448731792
user_26678,9422.624260875531
user_57392,7926.794494838992
user_1899,6599.337276930861
user_17520,5354.994934076227
user_48473,2477.5853954959657
user_250889,7622.672946756279
user_34,8796.963237313998
user_19637,3993.0908928580766
user_81807,1709.972078070263
user_80693,2347.796818149821
user_1263,6815.742874496751
user_17395,1403.2617880982461
user_811802,6829.3034124196965
user_312,5706.21165851017
user_54198,7162.405747404325
user_1880,5967.221464031417
user_987654,9040.34405073694
user_543924,2919.9049041198014
user_6532,9958.2091582397
user_1204,990.8539237708914
user_268,1735.155814520109
user_388484,1474.7479246272317
user_196,5698.027721301375
user_1009,2807.639022914743
user_9794,3105.891971766932
user_3567,7530.367369059945
user_56291,4623.748961460514
user_765432,8940.823039583669
user_4837_0,8423.933411321503
user_5076,3951.857880226183
user_3601,9639.118247131673
user_1804,4658.841299606458
user_36287,7879.538215248163
user_17506,6499.731678855653
user_2148,319.0190122257307
user_94073,3010.1902345085605
user_54694,5128.4421140747145
user_48380,8059.379039720852
user_36070,2289.349796294933
user_5506,5692.834614455391
user_6677,7509.763314184538
user_654321,9279.366714604388
user_773708,2668.9582208791835
user_650826,8718.676008141108
user_43584,9502.63387268092
user_38992,9804.72544610534
user_66099,8992.246965616916
user_8585,4350.367830142331
user_44906,4000.464978881849
user_571023,2643.7869886872277
user_9790,769.5040596528456
user_196303,8494.115792448994
user_81966,6741.1717841694635
user_203998,87.6404529411996
user_40381,5397.562280641149
user_500,8704.604487338942
user_6065,104.84097470688491
user_814,6201.029551913093
user_387140,5501.786106588743
user_38503,3225.9875108449296
user_1987,6467.372079086119
user_903845,2461.5337848912445
user_9979,1277.2189382251624
user_8567,7462.387119955688
user_4569,2960.568143769695
user_98,4087.1478138668367
user_957,2746.0292156274754
user_90396,4302.326391331253
user_9579,5080.933788744915
user_9453,299.7956458953385
user_87834,7842.583991085198
user_3513,6856.522248350456
user_73420,8842.03609772986
user_36124,9521.151638459405
user_76067,1291.477617498233
user_54099,3145.4231886534867
user_65798,540.3861372081365
user_433606,3035.622382913635
user_8340,8043.378011258912
user_5348_3,6215.974775828688
user_38795,6767.54386042364
user_4468,2286.528803037142
user_73447,7231.427640420376
user_356402,5089.268872324812
user_81196,6995.060055297923
user_64408,1544.8139467577466
user_8332,3151.686266914602
user_79093,9796.877472719983
user_9001,1686.25045043113
user_591325,6775.336861264779
user_3892,11.623055809632891
user_43765,2124.8553612989926
user_347,2469.071036606117
user_6776,4322.361444681295
user_1734,1108.043444655801
user_1896,1108.8358261178557
user_979,4330.042602306331
user_89528,2073.4625443358946
user_346747,1624.6087556820712
user_389945,8670.179485826531
user_8537,4935.913508846515
user_658498,2910.7816888295088
user_43878,8191.186705004733
user_6448,4926.926038976671
user_3699,7273.450257691139
user_57904,1647.7094574442285
user_153,9470.025080349496
user_59,8654.191612010527
user_13210,1924.697548944977
user_48554,9756.213383835631
user_7613,8069.263360426248
user_12345,322.9050598581269
user_657,9485.851899308547
user_206,9016.957312610548
user_21345,5196.009914911462
user_5919,5119.155690502719
user_819616,2642.4142059768287
user_449811,4148.283398158095
user_4217,878.8762097279359
user_4815,6058.553711641607
user_489,2410.2611487072327
user_14361,3561.700308681715
user_0011,239.3441731544253
user_73427,2419.857064512245
user_218,5816.088695382551
user_373801,6538.943553689164
user_8151,6557.9333376676495
user_848496,4540.021719018673
user_5309,3948.425377454796
user_3571,3055.2720979101664
user_3012,4664.195920632635
user_19525,3163.0280048739296
user_29604,4320.608000491468
user_5488,4576.360272409159
user_19639,1457.0835963936008
user_1787,9661.57372176737
user_4959,5303.335796011666
user_8360,2352.7409033280965
user_299538,3739.55420149076
user_760662,1489.4539535409106
user_2273,4151.713050551952
user_65415,2441.62560679071
user_97218,4970.457968920925
user_6582,9443.54785903101
user_85350,511.77204580734497
user_839352,3585.471677059009
user_19659,9706.149419170513
user_173273,4014.5412629996495
user_64551,562.2846755471353
user_972045,1140.4495615494984
user_540455,1052.5083125157848
user_192,6035.084098374408
user_90787,5766.820763448706
user_811979,9700.036901335587
user_94957,3885.7055298871815
user_99001,3767.813501528938
user_17304,1765.1857673106094
user_8414,5939.382475091411
user_1821,4168.211617994539
user_7131,6225.205685506909
user_43750,9283.1471598093
user_903770,2329.188603361622
user_19502,7846.224057401798
user_3045,9538.906208865996
user_899266,5332.789817857044
user_824,8555.732212129262
user_56254,362.4827175156903
user_9573,5048.763442843128
user_132890,1902.610204329503
user_81515,184.74768231073844
user_97906,800.8524628110988
user_59663,5607.863775426678
user_811956,1440.3369885405798
user_43993,6613.872729376565
user_3858,3537.8336111674917
user_1235,3198.005199238055
user_1969,8095.071586146551
user_657989,6333.065094583295
user_76126,8136.729132497617
user_6507,5947.711186582893
user_9756,2039.0929000611213
user_546595,6229.758529654837
user_8899,4161.678946007476
user_53422,9747.421931277308
user_3698,8406.21878412715
user_65532,8343.749816799664
user_2997,5251.545821249238
user_3603,3239.399112153424
user_3605,6069.63868246908
user_7600,7264.716143268225
user_439904,3805.2985252666176
user_86,9806.985779741273
user_8592,9577.564630945202
user_54178,2162.556671799637
user_3870,6973.673522201695
user_659051,3178.993881687673
user_77771,8920.701062345332
user_43719,7258.643266436876
user_9160,836.9261292432257
user_4437,7190.52330241993
user_2020,3122.819179286695
user_48967,6428.333083432283
user_19556,3195.071410746094
user_8264,9419.715856439829
user_12301,318.1321359625701
user_59149,7579.822329614665
user_1005,2134.703644014795
user_9043,4591.187323443582
user_596200,7086.2777343202315
user_195589,6860.012916863873
user_2975,3886.517913854263
user_7053,4717.580525909903
user_31,1191.1378980997076
user_01234,1328.1142767443648
user_56789,6616.360038992252
user_389,5410.191811521617
user_8871,2056.258717807948
user_65824,1984.1938186597545
user_81234,3722.414922119719
user_23456,9308.844626951339
user_78901,1582.9443227372624
user_2270,8501.419081635984
user_5716,5704.9497412383125
user_259505,7919.897306563589
user_86380,2860.9627508089707
user_736802,5464.888173301251
user_763321,900.4810382286122
user_60724,7305.3559661831505
user_86389,4717.0909832921025
user_141684,9988.389155194533
user_530260,6228.963724899306
user_1167,9980.882390047784
user_23689,8124.782170816221
user_400,1991.93503921721
user_26895,8680.149573861072
user_7137,3541.6179989004568
user_43702,4320.097336612505
user_54696,4810.859104063923
user_88310,9053.55052815285
